wmh_var	clust	categ	n_dx	n_hc	beta_groupHC	pval_groupHC	pval_fdr	pval_nsig_05	pval_fdr_nsig_05
WMHvol	c1	ischemic_heart_disease	2283	8528	0.165273154098698	1.64376978904528e-15	7.89009498741736e-15	TRUE	TRUE
WMHvol	c2	ischemic_heart_disease	2283	8528	0.215471142393358	2.40155350003033e-26	2.8818642000364e-25	TRUE	TRUE
WMHvol	c3	ischemic_heart_disease	2283	8528	0.276390378473991	1.22497982759194e-34	2.20496368966549e-33	TRUE	TRUE
FA	c1	ischemic_heart_disease	2283	8528	0.1416274904824	1.64385287761204e-08	4.0812899030368e-08	TRUE	TRUE
FA	c2	ischemic_heart_disease	2283	8528	0.105557543896456	2.4177635988286e-05	4.46356356706819e-05	TRUE	TRUE
FA	c3	ischemic_heart_disease	2283	8528	0.177160541783977	1.94659768335762e-13	8.75968957510927e-13	TRUE	TRUE
MD	c1	ischemic_heart_disease	2283	8528	0.183569519233395	2.24814184914302e-13	9.52154194931163e-13	TRUE	TRUE
MD	c2	ischemic_heart_disease	2283	8528	0.162294960704298	2.95121662229879e-11	8.85364986689637e-11	TRUE	TRUE
MD	c3	ischemic_heart_disease	2283	8528	0.213126367221617	4.49402733755314e-19	2.69641640253188e-18	TRUE	TRUE
ICVF	c1	ischemic_heart_disease	2283	8528	0.147427454325177	1.16493629994828e-09	3.10649679986207e-09	TRUE	TRUE
ICVF	c2	ischemic_heart_disease	2283	8528	0.116494852721683	2.59219360969588e-06	5.33251256851723e-06	TRUE	TRUE
ICVF	c3	ischemic_heart_disease	2283	8528	0.199873900317531	7.80735821325905e-17	4.3240753181127e-16	TRUE	TRUE
ISOVF	c1	ischemic_heart_disease	2283	8528	0.117998209820389	2.84836896766392e-06	5.60311974715409e-06	TRUE	TRUE
ISOVF	c2	ischemic_heart_disease	2283	8528	0.119149816192775	1.64424456786552e-06	3.48192967312698e-06	TRUE	TRUE
ISOVF	c3	ischemic_heart_disease	2283	8528	0.165545574130313	1.03545486043252e-11	3.24142391091918e-11	TRUE	TRUE
OD	c1	ischemic_heart_disease	2283	8528	0.0459008627838967	0.0594949065197869	0.0793265420263825	FALSE	FALSE
OD	c2	ischemic_heart_disease	2283	8528	0.0499696854632758	0.0444498906267911	0.0627527867672345	TRUE	FALSE
OD	c3	ischemic_heart_disease	2283	8528	0.154466403412953	4.30834804917858e-10	1.19308099823407e-09	TRUE	TRUE
T2star	c1	ischemic_heart_disease	2283	8528	-0.0350450325632389	0.157928379627231	0.196049022985528	FALSE	FALSE
T2star	c2	ischemic_heart_disease	2283	8528	-0.00213443547210446	0.931323114069395	0.931323114069395	FALSE	FALSE
T2star	c3	ischemic_heart_disease	2283	8528	0.0720006436398329	0.00300981808835505	0.0050396954037573	TRUE	TRUE
QSM	c1	ischemic_heart_disease	2283	8528	0.133346830218922	1.25234880364073e-07	2.81778480819165e-07	TRUE	TRUE
QSM	c2	ischemic_heart_disease	2283	8528	0.141218588194829	2.11340551068944e-08	5.07217322565465e-08	TRUE	TRUE
QSM	c3	ischemic_heart_disease	2283	8528	0.183540467470168	2.46715427263615e-13	9.86861709054459e-13	TRUE	TRUE
WMHvol	c1	stroke	526	8528	0.313327083579639	1.02727010287924e-16	5.28310338623609e-16	TRUE	TRUE
WMHvol	c2	stroke	526	8528	0.459945956255098	3.36525283958902e-35	8.07660681501364e-34	TRUE	TRUE
WMHvol	c3	stroke	526	8528	0.679223735825658	4.05046315600518e-62	2.91633347232373e-60	TRUE	TRUE
FA	c1	stroke	526	8528	0.230884466899253	3.51944490777326e-07	7.6787888896871e-07	TRUE	TRUE
FA	c2	stroke	526	8528	0.239561513466749	1.10650390438794e-07	2.56994455212684e-07	TRUE	TRUE
FA	c3	stroke	526	8528	0.446739297388111	1.2365722447037e-24	1.27190288026666e-23	TRUE	TRUE
MD	c1	stroke	526	8528	0.289429125016385	1.55173863726847e-10	4.4690072753332e-10	TRUE	TRUE
MD	c2	stroke	526	8528	0.419138801260191	2.08104767406904e-21	1.36214029575428e-20	TRUE	TRUE
MD	c3	stroke	526	8528	0.57584023218805	1.83362345967772e-40	6.60104445483979e-39	TRUE	TRUE
ICVF	c1	stroke	526	8528	0.423753223499798	3.45668607116973e-22	3.11101746405276e-21	TRUE	TRUE
ICVF	c2	stroke	526	8528	0.325407314745551	3.39391933630618e-13	1.22181096107022e-12	TRUE	TRUE
ICVF	c3	stroke	526	8528	0.506097762436599	2.08267454839946e-31	2.99905134969523e-30	TRUE	TRUE
ISOVF	c1	stroke	526	8528	0.0979096206462878	0.0315624940364074	0.0454499914124267	TRUE	TRUE
ISOVF	c2	stroke	526	8528	0.260050661278236	7.10250382873452e-09	1.82635812738888e-08	TRUE	TRUE
ISOVF	c3	stroke	526	8528	0.425032865120289	4.79695306493324e-22	3.83756245194659e-21	TRUE	TRUE
OD	c1	stroke	526	8528	0.206332692723313	2.87938098117641e-06	5.60311974715409e-06	TRUE	TRUE
OD	c2	stroke	526	8528	0.140014040788596	0.00182822032438807	0.00321053325258393	TRUE	TRUE
OD	c3	stroke	526	8528	0.314635345318882	2.30963090543629e-12	7.91873453292441e-12	TRUE	TRUE
T2star	c1	stroke	526	8528	0.0798132238766467	0.0749549802077098	0.0977554502590655	FALSE	FALSE
T2star	c2	stroke	526	8528	0.12497318632325	0.00516439395034467	0.00826303032055147	TRUE	TRUE
T2star	c3	stroke	526	8528	0.306758119338303	2.45360020319889e-12	8.0299643013782e-12	TRUE	TRUE
QSM	c1	stroke	526	8528	0.198812459636103	1.29487444040066e-05	2.45344630812757e-05	TRUE	TRUE
QSM	c2	stroke	526	8528	0.332746338221149	2.71095562070881e-13	1.02730949837386e-12	TRUE	TRUE
QSM	c3	stroke	526	8528	0.435430286003636	7.50274692739545e-22	5.40197778772473e-21	TRUE	TRUE
WMHvol	c1	dementia_no_vasc	31	8528	0.286941424123354	0.0569417167273428	0.0773547849880883	FALSE	FALSE
WMHvol	c2	dementia_no_vasc	31	8528	0.370171967130065	0.0128756851970487	0.0197244539188832	TRUE	TRUE
WMHvol	c3	dementia_no_vasc	31	8528	0.326096375738788	0.0464250823585941	0.0642808832657456	TRUE	FALSE
FA	c1	dementia_no_vasc	31	8528	0.303794674305818	0.0899231077144786	0.113587083428815	FALSE	FALSE
FA	c2	dementia_no_vasc	31	8528	-0.0825214785798003	0.644159643505047	0.702719611096415	FALSE	FALSE
FA	c3	dementia_no_vasc	31	8528	-0.165796602336209	0.339241180812419	0.393957500298293	FALSE	FALSE
MD	c1	dementia_no_vasc	31	8528	0.626761482745536	0.000458874022318309	0.000825973240172956	TRUE	TRUE
MD	c2	dementia_no_vasc	31	8528	0.424650843081042	0.0153453486347598	0.0230180229521397	TRUE	TRUE
MD	c3	dementia_no_vasc	31	8528	0.057299701702759	0.739808950595613	0.79501857377439	FALSE	FALSE
ICVF	c1	dementia_no_vasc	31	8528	0.309061145948432	0.0760320168681621	0.0977554502590655	FALSE	FALSE
ICVF	c2	dementia_no_vasc	31	8528	0.176993561113205	0.317932903787022	0.375265066765009	FALSE	FALSE
ICVF	c3	dementia_no_vasc	31	8528	0.0842849397948735	0.625952421786554	0.693362682594337	FALSE	FALSE
ISOVF	c1	dementia_no_vasc	31	8528	0.538256391852696	0.00275540430410913	0.00472355023561565	TRUE	TRUE
ISOVF	c2	dementia_no_vasc	31	8528	0.461550507872248	0.00943864654393399	0.0147735337209402	TRUE	TRUE
ISOVF	c3	dementia_no_vasc	31	8528	-0.186129566416245	0.287436008239242	0.34492320988709	FALSE	FALSE
OD	c1	dementia_no_vasc	31	8528	0.0349037638760946	0.84195625544563	0.866012148458362	FALSE	FALSE
OD	c2	dementia_no_vasc	31	8528	0.384840052483716	0.0302108572547183	0.0443914637212188	TRUE	TRUE
OD	c3	dementia_no_vasc	31	8528	0.508417199850553	0.00421422158957737	0.00689599896476296	TRUE	TRUE
T2star	c1	dementia_no_vasc	31	8528	0.0238444208784144	0.892977412111916	0.90555455876138	FALSE	FALSE
T2star	c2	dementia_no_vasc	31	8528	0.0427844980022508	0.808757933967727	0.856331930083475	FALSE	FALSE
T2star	c3	dementia_no_vasc	31	8528	-0.0386692193184848	0.82373173574098	0.859546159034066	FALSE	FALSE
QSM	c1	dementia_no_vasc	31	8528	0.10937961545923	0.543584017990158	0.621238877703038	FALSE	FALSE
QSM	c2	dementia_no_vasc	31	8528	0.0959183383080689	0.594513010577829	0.668827136900058	FALSE	FALSE
QSM	c3	dementia_no_vasc	31	8528	0.204494111506533	0.255152476458312	0.311372513644041	FALSE	FALSE
