wmh_var	clust	categ	n_dx	n_hc	beta	pval	pval_fdr	pval_nsig_05	pval_fdr_nsig_05
WMHvol	c1	ischemic_heart_disease	2414	10629	0.0300653908910032	0.466637301053011	0.923618249562343	FALSE	FALSE
WMHvol	c2	ischemic_heart_disease	2414	10629	0.0130255605692379	0.738724517317751	0.973049392649649	FALSE	FALSE
WMHvol	c3	ischemic_heart_disease	2414	10629	0.0390871063220065	0.362592874921586	0.923618249562343	FALSE	FALSE
stage	c1	ischemic_heart_disease	2414	10629	-0.0594746616305396	0.206474165471951	0.836820353121909	FALSE	FALSE
stage	c2	ischemic_heart_disease	2414	10629	0.0446089508561071	0.344269205942942	0.923618249562343	FALSE	FALSE
stage	c3	ischemic_heart_disease	2414	10629	0.00680173174051236	0.881320669674421	0.973049392649649	FALSE	FALSE
FA	c1	ischemic_heart_disease	2414	10629	-0.0377573202493165	0.424226917405455	0.923618249562343	FALSE	FALSE
FA	c2	ischemic_heart_disease	2414	10629	0.0890449685854375	0.0624418306148097	0.714738419424619	FALSE	FALSE
FA	c3	ischemic_heart_disease	2414	10629	0.0139065715126141	0.761654642494616	0.973049392649649	FALSE	FALSE
MD	c1	ischemic_heart_disease	2414	10629	-0.0939829726679928	0.0485267309194437	0.714738419424619	TRUE	FALSE
MD	c2	ischemic_heart_disease	2414	10629	0.0221408283848363	0.635981240912155	0.971971330450653	FALSE	FALSE
MD	c3	ischemic_heart_disease	2414	10629	0.0029518284554015	0.948276334571638	0.973049392649649	FALSE	FALSE
ICVF	c1	ischemic_heart_disease	2414	10629	0.0172449645073928	0.706612413787266	0.973049392649649	FALSE	FALSE
ICVF	c2	ischemic_heart_disease	2414	10629	0.114266653079234	0.0162794482033629	0.714738419424619	TRUE	FALSE
ICVF	c3	ischemic_heart_disease	2414	10629	0.0224100178688703	0.623770212400683	0.971971330450653	FALSE	FALSE
ISOVF	c1	ischemic_heart_disease	2414	10629	-0.099963147691547	0.0365991286210735	0.714738419424619	TRUE	FALSE
ISOVF	c2	ischemic_heart_disease	2414	10629	-0.069241731862671	0.144812834845648	0.781989308166498	FALSE	FALSE
ISOVF	c3	ischemic_heart_disease	2414	10629	-0.037920133998051	0.413262267303229	0.923618249562343	FALSE	FALSE
OD	c1	ischemic_heart_disease	2414	10629	0.0549321557919351	0.232336088221975	0.896153483141903	FALSE	FALSE
OD	c2	ischemic_heart_disease	2414	10629	-0.0432399347369344	0.362275037167688	0.923618249562343	FALSE	FALSE
OD	c3	ischemic_heart_disease	2414	10629	0.00343758622184623	0.94209355985693	0.973049392649649	FALSE	FALSE
T2star	c1	ischemic_heart_disease	2414	10629	0.0230047279705866	0.625015056498857	0.971971330450653	FALSE	FALSE
T2star	c2	ischemic_heart_disease	2414	10629	0.0377497506350131	0.426389822948754	0.923618249562343	FALSE	FALSE
T2star	c3	ischemic_heart_disease	2414	10629	0.0233056309355434	0.614668489709397	0.971971330450653	FALSE	FALSE
QSM	c1	ischemic_heart_disease	2414	10629	-0.0820786853750273	0.0872202472706049	0.714738419424619	FALSE	FALSE
QSM	c2	ischemic_heart_disease	2414	10629	-0.0784062116130339	0.101979894764542	0.714738419424619	FALSE	FALSE
QSM	c3	ischemic_heart_disease	2414	10629	-0.00663402112777835	0.890074217119104	0.973049392649649	FALSE	FALSE
WMHvol	c1	stroke	645	10629	-0.0186680501106075	0.79530662872874	0.973049392649649	FALSE	FALSE
WMHvol	c2	stroke	645	10629	0.00561130992091767	0.934809658539002	0.973049392649649	FALSE	FALSE
WMHvol	c3	stroke	645	10629	-0.0527324803136247	0.478913166439734	0.923618249562343	FALSE	FALSE
stage	c1	stroke	645	10629	-0.147130002428522	0.071257544637888	0.714738419424619	FALSE	FALSE
stage	c2	stroke	645	10629	0.0613748483864007	0.452574558444984	0.923618249562343	FALSE	FALSE
stage	c3	stroke	645	10629	-0.000981997877754916	0.990086075064771	0.990086075064771	FALSE	FALSE
FA	c1	stroke	645	10629	-0.033378648668958	0.684111165603189	0.973049392649649	FALSE	FALSE
FA	c2	stroke	645	10629	0.168148396666616	0.0424882114990381	0.714738419424619	TRUE	FALSE
FA	c3	stroke	645	10629	0.0266111138326553	0.738148036529485	0.973049392649649	FALSE	FALSE
MD	c1	stroke	645	10629	-0.166469884134169	0.0439860486093951	0.714738419424619	TRUE	FALSE
MD	c2	stroke	645	10629	0.0578203878584709	0.475433162715629	0.923618249562343	FALSE	FALSE
MD	c3	stroke	645	10629	-0.00973176949039136	0.901796006968655	0.973049392649649	FALSE	FALSE
ICVF	c1	stroke	645	10629	-0.135818753496246	0.0872058311135978	0.714738419424619	FALSE	FALSE
ICVF	c2	stroke	645	10629	0.129978479627277	0.114711104352099	0.714738419424619	FALSE	FALSE
ICVF	c3	stroke	645	10629	-0.0153806502399934	0.846136928126951	0.973049392649649	FALSE	FALSE
ISOVF	c1	stroke	645	10629	-0.131623973420725	0.113013544640829	0.714738419424619	FALSE	FALSE
ISOVF	c2	stroke	645	10629	0.0674377088423452	0.413152951580184	0.923618249562343	FALSE	FALSE
ISOVF	c3	stroke	645	10629	0.0809254098375899	0.313873735079567	0.923618249562343	FALSE	FALSE
OD	c1	stroke	645	10629	-0.00860190246175347	0.914455748262067	0.973049392649649	FALSE	FALSE
OD	c2	stroke	645	10629	-0.104096371992501	0.206622309412817	0.836820353121909	FALSE	FALSE
OD	c3	stroke	645	10629	-0.11993579449416	0.144620869179739	0.781989308166498	FALSE	FALSE
T2star	c1	stroke	645	10629	-0.0253542202583387	0.756332129489488	0.973049392649649	FALSE	FALSE
T2star	c2	stroke	645	10629	0.0708449702941638	0.389608201741339	0.923618249562343	FALSE	FALSE
T2star	c3	stroke	645	10629	0.0568754556380571	0.478482079832771	0.923618249562343	FALSE	FALSE
QSM	c1	stroke	645	10629	-0.0739687577758568	0.374902876109096	0.923618249562343	FALSE	FALSE
QSM	c2	stroke	645	10629	0.0189219673711506	0.819997340798879	0.973049392649649	FALSE	FALSE
QSM	c3	stroke	645	10629	-0.00533226044813292	0.949023481720029	0.973049392649649	FALSE	FALSE
WMHvol	c1	dementia_no_vasc	47	10629	0.154797622880112	0.571570366120191	0.971971330450653	FALSE	FALSE
WMHvol	c2	dementia_no_vasc	47	10629	0.173125120800039	0.510258777030122	0.961185138126508	FALSE	FALSE
WMHvol	c3	dementia_no_vasc	47	10629	0.0845572210750598	0.767944657692204	0.973049392649649	FALSE	FALSE
stage	c1	dementia_no_vasc	47	10629	0.317797150831672	0.301830529419542	0.923618249562343	FALSE	FALSE
stage	c2	dementia_no_vasc	47	10629	0.231038773267404	0.453986907935612	0.923618249562343	FALSE	FALSE
stage	c3	dementia_no_vasc	47	10629	0.0733859176440533	0.807194147940567	0.973049392649649	FALSE	FALSE
FA	c1	dementia_no_vasc	47	10629	-0.0828345358671673	0.788002921024917	0.973049392649649	FALSE	FALSE
FA	c2	dementia_no_vasc	47	10629	0.147903062324866	0.63544129094702	0.971971330450653	FALSE	FALSE
FA	c3	dementia_no_vasc	47	10629	-0.0288805138367716	0.923821710101877	0.973049392649649	FALSE	FALSE
MD	c1	dementia_no_vasc	47	10629	0.43932291866609	0.157287062776786	0.796265755307479	FALSE	FALSE
MD	c2	dementia_no_vasc	47	10629	0.23635623898856	0.44070661465006	0.923618249562343	FALSE	FALSE
MD	c3	dementia_no_vasc	47	10629	0.104816924447578	0.727431762350726	0.973049392649649	FALSE	FALSE
ICVF	c1	dementia_no_vasc	47	10629	0.180041502204323	0.54984837883983	0.971971330450653	FALSE	FALSE
ICVF	c2	dementia_no_vasc	47	10629	0.281617252835831	0.364652129005124	0.923618249562343	FALSE	FALSE
ICVF	c3	dementia_no_vasc	47	10629	-0.0143103153785676	0.962122968098105	0.974149505199332	FALSE	FALSE
ISOVF	c1	dementia_no_vasc	47	10629	0.399558267886336	0.199444641428978	0.836820353121909	FALSE	FALSE
ISOVF	c2	dementia_no_vasc	47	10629	-0.151674441611598	0.624621760659236	0.971971330450653	FALSE	FALSE
ISOVF	c3	dementia_no_vasc	47	10629	0.0760067191635146	0.802843509187215	0.973049392649649	FALSE	FALSE
OD	c1	dementia_no_vasc	47	10629	0.411169098014687	0.174119774275193	0.829629512722979	FALSE	FALSE
OD	c2	dementia_no_vasc	47	10629	0.286851631231658	0.354204676728767	0.923618249562343	FALSE	FALSE
OD	c3	dementia_no_vasc	47	10629	0.500992332273594	0.105940785177375	0.714738419424619	FALSE	FALSE
T2star	c1	dementia_no_vasc	47	10629	-0.125789708186995	0.682014378398011	0.973049392649649	FALSE	FALSE
T2star	c2	dementia_no_vasc	47	10629	0.0560691409484632	0.856241613534677	0.973049392649649	FALSE	FALSE
T2star	c3	dementia_no_vasc	47	10629	-0.181010538293589	0.549615719593533	0.971971330450653	FALSE	FALSE
QSM	c1	dementia_no_vasc	47	10629	0.184263371681631	0.556547475812156	0.971971330450653	FALSE	FALSE
QSM	c2	dementia_no_vasc	47	10629	-0.113699484549033	0.716644931347331	0.973049392649649	FALSE	FALSE
QSM	c3	dementia_no_vasc	47	10629	-0.308528652492797	0.325018080341484	0.923618249562343	FALSE	FALSE
